tenure,MonthlyCharges,TotalCharges,Revenue at Risk,Churn Probability,Risk Category,Actual Churn
1,24.8,24.8,24.8,1.0,High Risk,1
41,25.25,996.45,0.0,0.0,Low Risk,0
52,19.35,1031.7,0.0,0.0,Low Risk,0
1,76.35,76.35,76.35,1.0,High Risk,1
67,50.55,3260.1,0.0,0.0,Low Risk,0
68,89.6,6127.6,89.6,1.0,High Risk,1
23,77.15,1759.4,0.0,0.0,Low Risk,0
72,72.1,5016.65,0.0,0.0,Low Risk,0
70,104.0,7250.15,104.0,1.0,High Risk,1
1,19.4,19.4,19.4,1.0,High Risk,1
1,20.45,20.45,0.0,0.0,Low Risk,0
34,84.05,2909.95,0.0,0.0,Low Risk,0
28,51.0,1381.8,0.0,0.0,Low Risk,0
18,85.45,1505.85,85.45,1.0,High Risk,1
15,20.45,330.8,0.0,0.0,Low Risk,0
11,95.15,997.65,95.15,1.0,High Risk,1
11,53.75,608.0,53.75,1.0,High Risk,1
1,70.0,70.0,70.0,1.0,High Risk,1
37,88.8,3340.55,0.0,0.0,Low Risk,0
22,89.4,2001.5,89.4,1.0,High Risk,1
1,70.25,70.25,0.0,0.0,Low Risk,0
1,19.45,19.45,0.0,0.0,Low Risk,0
46,80.0,3769.7,0.0,0.0,Low Risk,0
51,107.45,5680.9,0.0,0.0,Low Risk,0
41,104.45,4162.05,0.0,0.0,Low Risk,0
5,67.95,350.3,67.95,1.0,High Risk,1
45,89.3,4016.85,89.3,1.0,High Risk,1
29,60.2,1834.15,0.0,0.0,Low Risk,0
15,91.5,1400.3,0.0,0.0,Low Risk,0
72,63.7,4464.8,0.0,0.0,Low Risk,0
50,103.95,5231.3,0.0,0.0,Low Risk,0
27,20.6,581.85,0.0,0.0,Low Risk,0
72,85.15,6316.2,0.0,0.0,Low Risk,0
51,69.75,3562.5,0.0,0.0,Low Risk,0
60,94.1,5475.9,0.0,0.0,Low Risk,0
17,19.45,369.05,0.0,0.0,Low Risk,0
72,21.15,1419.4,0.0,0.0,Low Risk,0
33,104.4,3409.6,104.4,1.0,High Risk,1
66,104.9,6891.45,0.0,0.0,Low Risk,0
69,103.95,7446.9,103.95,1.0,High Risk,1
5,69.75,324.6,69.75,1.0,High Risk,1
57,100.75,5985.0,0.0,0.0,Low Risk,0
8,75.75,606.25,75.75,1.0,High Risk,1
14,51.45,727.85,0.0,0.0,Low Risk,0
25,94.7,2362.1,94.7,1.0,High Risk,1
52,19.6,1012.4,0.0,0.0,Low Risk,0
7,76.45,503.6,76.45,1.0,High Risk,1
13,79.8,973.45,79.8,1.0,High Risk,1
15,89.85,1424.95,89.85,1.0,High Risk,1
22,55.15,1193.05,55.15,1.0,High Risk,1
19,19.9,367.55,0.0,0.0,Low Risk,0
23,30.35,678.75,0.0,0.0,Low Risk,0
72,113.65,8182.75,0.0,0.0,Low Risk,0
72,98.35,6929.4,0.0,0.0,Low Risk,0
59,96.65,5580.8,0.0,0.0,Low Risk,0
70,75.35,5437.75,0.0,0.0,Low Risk,0
70,101.1,6994.8,0.0,0.0,Low Risk,0
9,103.1,970.45,0.0,0.0,Low Risk,0
3,24.6,86.35,0.0,0.0,Low Risk,0
17,101.8,1752.45,0.0,0.0,Low Risk,0
28,70.4,1992.2,0.0,0.0,Low Risk,0
10,54.25,583.0,0.0,0.0,Low Risk,0
11,20.95,267.35,0.0,0.0,Low Risk,0
72,102.65,7550.3,0.0,0.0,Low Risk,0
8,70.1,551.35,70.1,1.0,High Risk,1
69,20.3,1356.3,0.0,0.0,Low Risk,0
39,19.85,854.8,0.0,0.0,Low Risk,0
67,50.9,3281.65,0.0,0.0,Low Risk,0
39,19.9,791.15,0.0,0.0,Low Risk,0
54,65.65,3566.7,0.0,0.0,Low Risk,0
1,74.5,74.5,74.5,1.0,High Risk,1
72,60.0,4264.0,0.0,0.0,Low Risk,0
10,98.55,1008.55,98.55,1.0,High Risk,1
13,96.65,1162.85,96.65,1.0,High Risk,1
35,99.25,3532.0,0.0,0.0,Low Risk,0
12,35.5,432.25,0.0,0.0,Low Risk,0
31,90.55,2929.75,0.0,0.0,Low Risk,0
53,108.25,5935.1,0.0,0.0,Low Risk,0
1,19.5,19.5,0.0,0.0,Low Risk,0
30,19.7,625.05,0.0,0.0,Low Risk,0
46,74.8,3548.3,0.0,0.0,Low Risk,0
19,89.65,1761.05,89.65,1.0,High Risk,1
23,54.25,1221.55,0.0,0.0,Low Risk,0
15,55.0,757.1,55.0,1.0,High Risk,1
48,20.15,982.95,0.0,0.0,Low Risk,0
25,95.9,2448.75,95.9,1.0,High Risk,1
52,105.0,5426.85,105.0,1.0,High Risk,1
12,81.7,858.6,81.7,1.0,High Risk,1
48,24.55,1203.95,0.0,0.0,Low Risk,0
38,20.05,741.5,0.0,0.0,Low Risk,0
18,35.2,607.3,0.0,0.0,Low Risk,0
45,50.25,2221.55,0.0,0.0,Low Risk,0
12,89.55,1021.75,0.0,0.0,Low Risk,0
66,102.4,6471.85,0.0,0.0,Low Risk,0
72,20.25,1566.9,0.0,0.0,Low Risk,0
70,44.6,3058.15,0.0,0.0,Low Risk,0
27,90.15,2423.4,0.0,0.0,Low Risk,0
1,20.0,20.0,0.0,0.0,Low Risk,0
13,95.25,1233.65,95.25,1.0,High Risk,1
65,90.45,5957.9,0.0,0.0,Low Risk,0
14,70.2,1046.5,0.0,0.0,Low Risk,0
17,85.45,1451.6,85.45,1.0,High Risk,1
31,20.95,683.25,0.0,0.0,Low Risk,0
24,24.2,609.05,0.0,0.0,Low Risk,0
3,20.2,65.95,0.0,0.0,Low Risk,0
17,76.65,1313.55,76.65,1.0,High Risk,1
66,68.75,4447.55,0.0,0.0,Low Risk,0
45,53.3,2296.25,0.0,0.0,Low Risk,0
35,91.5,3236.35,0.0,0.0,Low Risk,0
40,40.25,1564.05,0.0,0.0,Low Risk,0
10,84.7,832.05,84.7,1.0,High Risk,1
52,64.3,3410.6,0.0,0.0,Low Risk,0
13,19.45,232.1,0.0,0.0,Low Risk,0
43,90.25,3838.75,0.0,0.0,Low Risk,0
41,20.45,775.6,0.0,0.0,Low Risk,0
52,50.5,2566.3,0.0,0.0,Low Risk,0
71,93.2,6506.15,0.0,0.0,Low Risk,0
61,106.45,6300.15,0.0,0.0,Low Risk,0
26,44.45,1183.8,0.0,0.0,Low Risk,0
72,68.4,4855.35,0.0,0.0,Low Risk,0
42,78.45,3373.4,0.0,0.0,Low Risk,0
57,65.2,3687.85,0.0,0.0,Low Risk,0
9,19.6,197.4,0.0,0.0,Low Risk,0
9,71.0,672.55,71.0,1.0,High Risk,1
33,44.55,1462.6,0.0,0.0,Low Risk,0
1,19.45,19.45,0.0,0.0,Low Risk,0
7,79.0,522.95,79.0,1.0,High Risk,1
1,71.55,71.55,71.55,1.0,High Risk,1
65,19.9,1292.6,0.0,0.0,Low Risk,0
10,86.05,834.1,86.05,1.0,High Risk,1
70,95.0,6602.9,0.0,0.0,Low Risk,0
29,98.6,2933.2,98.6,1.0,High Risk,1
21,104.4,2157.95,104.4,1.0,High Risk,1
1,90.75,90.75,90.75,1.0,High Risk,1
5,20.25,109.8,0.0,0.0,Low Risk,0
56,89.7,4952.95,0.0,0.0,Low Risk,0
35,85.15,3030.6,85.15,1.0,High Risk,1
10,20.45,242.4,0.0,0.0,Low Risk,0
31,49.85,1520.1,0.0,0.0,Low Risk,0
37,85.7,3171.15,85.7,1.0,High Risk,1
57,95.25,5427.05,95.25,1.0,High Risk,1
34,25.6,917.15,0.0,0.0,Low Risk,0
3,99.0,287.4,99.0,1.0,High Risk,1
4,82.85,319.6,0.0,0.0,Low Risk,0
54,20.5,1035.7,0.0,0.0,Low Risk,0
6,19.7,111.65,0.0,0.0,Low Risk,0
22,59.75,1374.35,0.0,0.0,Low Risk,0
23,96.9,2085.45,0.0,0.0,Low Risk,0
68,58.25,3975.7,0.0,0.0,Low Risk,0
48,20.0,935.9,0.0,0.0,Low Risk,0
34,20.8,635.9,0.0,0.0,Low Risk,0
41,79.85,3320.75,0.0,0.0,Low Risk,0
9,75.85,724.65,0.0,0.0,Low Risk,0
18,103.6,1806.35,0.0,0.0,Low Risk,0
35,95.5,3418.2,0.0,0.0,Low Risk,0
55,79.4,4238.45,0.0,0.0,Low Risk,0
54,108.0,5760.65,0.0,0.0,Low Risk,0
2,78.55,149.55,78.55,1.0,High Risk,1
52,106.3,5487.0,0.0,0.0,Low Risk,0
72,69.65,4908.25,0.0,0.0,Low Risk,0
9,70.05,564.4,0.0,0.0,Low Risk,0
3,69.55,200.2,0.0,0.0,Low Risk,0
4,75.35,273.4,0.0,0.0,Low Risk,0
69,75.75,5388.15,0.0,0.0,Low Risk,0
67,35.7,2545.7,0.0,0.0,Low Risk,0
4,79.9,324.3,79.9,1.0,High Risk,1
13,45.55,597.0,45.55,1.0,High Risk,1
45,81.0,3533.6,0.0,0.0,Low Risk,0
68,101.35,7110.75,0.0,0.0,Low Risk,0
69,73.7,4885.85,0.0,0.0,Low Risk,0
70,58.35,4214.25,0.0,0.0,Low Risk,0
1,19.9,19.9,19.9,1.0,High Risk,1
45,25.9,1216.6,0.0,0.0,Low Risk,0
37,20.3,755.4,0.0,0.0,Low Risk,0
10,40.25,411.45,0.0,0.0,Low Risk,0
1,89.35,89.35,0.0,0.0,Low Risk,0
29,69.05,1958.45,0.0,0.0,Low Risk,0
72,104.1,7447.7,0.0,0.0,Low Risk,0
2,75.9,143.35,75.9,1.0,High Risk,1
24,53.6,1315.35,0.0,0.0,Low Risk,0
4,79.15,317.25,79.15,1.0,High Risk,1
72,19.3,1304.8,0.0,0.0,Low Risk,0
11,79.0,929.3,0.0,0.0,Low Risk,0
44,19.9,868.1,0.0,0.0,Low Risk,0
62,20.45,1297.35,0.0,0.0,Low Risk,0
70,25.4,1782.05,0.0,0.0,Low Risk,0
1,25.05,25.05,25.05,1.0,High Risk,1
4,105.65,443.9,105.65,1.0,High Risk,1
2,85.55,187.45,85.55,1.0,High Risk,1
41,56.3,2364.0,0.0,0.0,Low Risk,0
1,19.45,19.45,19.45,1.0,High Risk,1
72,84.1,5981.65,0.0,0.0,Low Risk,0
63,109.25,6841.4,0.0,0.0,Low Risk,0
68,79.6,5461.45,0.0,0.0,Low Risk,0
59,99.5,5890.0,0.0,0.0,Low Risk,0
52,48.8,2555.05,0.0,0.0,Low Risk,0
26,105.75,2710.25,105.75,1.0,High Risk,1
66,56.6,3789.2,0.0,0.0,Low Risk,0
56,95.65,5471.75,0.0,0.0,Low Risk,0
72,79.2,5401.9,0.0,0.0,Low Risk,0
2,70.1,141.65,0.0,0.0,Low Risk,0
68,117.2,8035.95,0.0,0.0,Low Risk,0
61,84.9,5264.5,0.0,0.0,Low Risk,0
1,20.05,20.05,0.0,0.0,Low Risk,0
2,19.9,33.7,0.0,0.0,Low Risk,0
2,19.5,31.55,19.5,1.0,High Risk,1
68,84.65,5683.6,0.0,0.0,Low Risk,0
9,68.25,576.95,0.0,0.0,Low Risk,0
13,83.2,1060.6,83.2,1.0,High Risk,1
22,20.05,470.2,0.0,0.0,Low Risk,0
66,25.3,1673.8,0.0,0.0,Low Risk,0
8,20.35,178.7,0.0,0.0,Low Risk,0
2,69.95,143.9,0.0,0.0,Low Risk,0
3,55.8,154.55,0.0,0.0,Low Risk,0
5,92.5,452.7,92.5,1.0,High Risk,1
13,20.0,268.45,0.0,0.0,Low Risk,0
53,65.0,3363.8,0.0,0.0,Low Risk,0
3,20.0,49.65,0.0,0.0,Low Risk,0
46,94.9,4422.95,0.0,0.0,Low Risk,0
39,40.3,1630.4,0.0,0.0,Low Risk,0
30,107.5,3242.5,0.0,0.0,Low Risk,0
23,98.7,2249.1,0.0,0.0,Low Risk,0
40,20.4,854.9,0.0,0.0,Low Risk,0
45,62.55,2796.45,0.0,0.0,Low Risk,0
53,19.65,978.0,0.0,0.0,Low Risk,0
72,112.4,8046.85,0.0,0.0,Low Risk,0
28,20.3,487.95,0.0,0.0,Low Risk,0
49,67.4,3306.85,0.0,0.0,Low Risk,0
1,74.6,74.6,74.6,1.0,High Risk,1
20,81.0,1683.7,0.0,0.0,Low Risk,0
53,60.6,3297.0,0.0,0.0,Low Risk,0
67,69.2,4671.65,0.0,0.0,Low Risk,0
11,73.85,926.25,73.85,1.0,High Risk,1
52,85.8,4433.3,0.0,0.0,Low Risk,0
1,90.55,90.55,90.55,1.0,High Risk,1
48,55.5,2627.35,0.0,0.0,Low Risk,0
7,75.45,480.75,75.45,1.0,High Risk,1
7,71.35,515.75,0.0,0.0,Low Risk,0
12,84.05,966.55,0.0,0.0,Low Risk,0
40,24.6,973.95,0.0,0.0,Low Risk,0
55,77.8,4323.35,0.0,0.0,Low Risk,0
20,19.5,403.15,0.0,0.0,Low Risk,0
1,35.55,35.55,35.55,1.0,High Risk,1
72,84.2,5986.55,0.0,0.0,Low Risk,0
63,110.1,6705.7,0.0,0.0,Low Risk,0
70,64.55,4504.9,0.0,0.0,Low Risk,0
8,64.1,504.05,0.0,0.0,Low Risk,0
1,45.65,45.65,45.65,1.0,High Risk,1
16,19.75,284.35,0.0,0.0,Low Risk,0
11,25.2,321.05,0.0,0.0,Low Risk,0
11,74.95,815.5,74.95,1.0,High Risk,1
41,88.5,3645.05,0.0,0.0,Low Risk,0
14,76.1,1054.8,0.0,0.0,Low Risk,0
61,88.65,5321.25,0.0,0.0,Low Risk,0
20,89.4,1871.15,0.0,0.0,Low Risk,0
47,106.4,5127.95,106.4,1.0,High Risk,1
2,59.5,130.5,0.0,0.0,Low Risk,0
41,60.3,2511.3,0.0,0.0,Low Risk,0
72,25.25,1841.2,0.0,0.0,Low Risk,0
72,80.2,5714.2,0.0,0.0,Low Risk,0
46,95.65,4664.2,0.0,0.0,Low Risk,0
1,19.8,19.8,19.8,1.0,High Risk,1
29,45.0,1242.45,0.0,0.0,Low Risk,0
37,100.05,3810.55,0.0,0.0,Low Risk,0
19,61.55,1093.2,0.0,0.0,Low Risk,0
49,78.0,3824.2,0.0,0.0,Low Risk,0
13,44.0,659.35,0.0,0.0,Low Risk,0
22,49.8,1049.05,0.0,0.0,Low Risk,0
53,96.75,5206.55,0.0,0.0,Low Risk,0
24,49.55,1210.4,49.55,1.0,High Risk,1
37,19.8,813.3,0.0,0.0,Low Risk,0
6,55.3,324.25,55.3,1.0,High Risk,1
7,79.65,604.7,79.65,1.0,High Risk,1
12,19.8,229.6,19.8,1.0,High Risk,1
71,25.0,1753.0,0.0,0.0,Low Risk,0
26,82.0,2083.1,0.0,0.0,Low Risk,0
6,45.65,323.45,0.0,0.0,Low Risk,0
32,87.65,2766.4,0.0,0.0,Low Risk,0
47,58.6,2723.4,0.0,0.0,Low Risk,0
31,21.0,697.7,0.0,0.0,Low Risk,0
52,84.05,4326.8,0.0,0.0,Low Risk,0
60,60.8,3603.45,0.0,0.0,Low Risk,0
48,65.65,3094.65,0.0,0.0,Low Risk,0
45,18.85,867.3,0.0,0.0,Low Risk,0
39,80.45,3201.55,80.45,1.0,High Risk,1
1,85.7,85.7,85.7,1.0,High Risk,1
1,69.6,69.6,69.6,1.0,High Risk,1
6,79.05,434.5,79.05,1.0,High Risk,1
9,76.25,684.85,0.0,0.0,Low Risk,0
72,114.05,8468.2,0.0,0.0,Low Risk,0
71,52.3,3765.05,0.0,0.0,Low Risk,0
71,19.6,1387.45,0.0,0.0,Low Risk,0
64,94.6,5948.7,0.0,0.0,Low Risk,0
28,19.55,543.8,0.0,0.0,Low Risk,0
70,115.15,8250.0,0.0,0.0,Low Risk,0
39,95.65,3759.05,95.65,1.0,High Risk,1
16,20.4,321.4,0.0,0.0,Low Risk,0
66,110.85,7491.75,110.85,1.0,High Risk,1
21,95.4,2025.1,0.0,0.0,Low Risk,0
44,84.8,3862.55,84.8,1.0,High Risk,1
54,99.1,5437.1,0.0,0.0,Low Risk,0
4,56.75,245.15,0.0,0.0,Low Risk,0
60,110.0,6668.35,0.0,0.0,Low Risk,0
26,92.4,2349.8,0.0,0.0,Low Risk,0
24,78.6,1846.65,0.0,0.0,Low Risk,0
53,19.4,1110.35,0.0,0.0,Low Risk,0
46,19.4,958.15,0.0,0.0,Low Risk,0
56,88.9,4968.0,0.0,0.0,Low Risk,0
7,59.1,369.25,0.0,0.0,Low Risk,0
1,85.8,85.8,85.8,1.0,High Risk,1
1,45.55,45.55,0.0,0.0,Low Risk,0
60,19.95,1258.15,0.0,0.0,Low Risk,0
61,20.55,1252.0,0.0,0.0,Low Risk,0
42,33.55,1445.3,33.55,1.0,High Risk,1
27,19.85,470.0,0.0,0.0,Low Risk,0
9,85.35,754.65,85.35,1.0,High Risk,1
72,20.05,1423.65,0.0,0.0,Low Risk,0
23,19.65,478.1,0.0,0.0,Low Risk,0
47,95.05,4504.55,95.05,1.0,High Risk,1
54,18.95,1031.1,0.0,0.0,Low Risk,0
2,95.5,181.65,0.0,0.0,Low Risk,0
38,60.0,2193.2,0.0,0.0,Low Risk,0
47,99.7,4747.2,0.0,0.0,Low Risk,0
22,56.25,1292.2,0.0,0.0,Low Risk,0
2,91.45,171.45,0.0,0.0,Low Risk,0
72,79.05,5730.7,0.0,0.0,Low Risk,0
58,45.3,2651.2,45.3,1.0,High Risk,1
69,79.2,5420.65,0.0,0.0,Low Risk,0
18,69.5,1199.4,0.0,0.0,Low Risk,0
55,20.0,1087.25,0.0,0.0,Low Risk,0
46,101.1,4674.4,0.0,0.0,Low Risk,0
5,19.25,86.05,0.0,0.0,Low Risk,0
4,33.65,137.85,33.65,1.0,High Risk,1
5,89.5,477.7,89.5,1.0,High Risk,1
65,61.35,3874.1,0.0,0.0,Low Risk,0
35,21.45,705.45,0.0,0.0,Low Risk,0
45,97.05,4385.05,0.0,0.0,Low Risk,0
2,19.9,57.4,0.0,0.0,Low Risk,0
22,80.15,1790.65,0.0,0.0,Low Risk,0
70,68.95,4858.7,0.0,0.0,Low Risk,0
30,66.3,1923.5,0.0,0.0,Low Risk,0
61,107.75,6521.9,0.0,0.0,Low Risk,0
29,20.35,617.35,0.0,0.0,Low Risk,0
61,105.55,6281.45,105.55,1.0,High Risk,1
25,90.4,2178.6,90.4,1.0,High Risk,1
71,113.15,7953.25,0.0,0.0,Low Risk,0
1,35.0,35.0,0.0,0.0,Low Risk,0
62,70.45,4300.45,0.0,0.0,Low Risk,0
64,73.55,4764.0,0.0,0.0,Low Risk,0
64,90.6,5817.45,0.0,0.0,Low Risk,0
29,84.3,2357.75,0.0,0.0,Low Risk,0
2,70.75,146.9,70.75,1.0,High Risk,1
1,19.65,19.65,0.0,0.0,Low Risk,0
1,50.65,50.65,50.65,1.0,High Risk,1
45,24.65,1171.3,0.0,0.0,Low Risk,0
66,114.3,7383.7,0.0,0.0,Low Risk,0
54,106.55,5763.3,106.55,1.0,High Risk,1
70,80.4,5717.85,0.0,0.0,Low Risk,0
37,92.5,3473.4,92.5,1.0,High Risk,1
3,79.9,260.9,79.9,1.0,High Risk,1
23,55.3,1284.2,0.0,0.0,Low Risk,0
60,100.5,6029.0,0.0,0.0,Low Risk,0
35,33.45,1175.85,0.0,0.0,Low Risk,0
27,74.4,1972.35,0.0,0.0,Low Risk,0
24,52.5,1208.15,0.0,0.0,Low Risk,0
2,93.85,170.85,93.85,1.0,High Risk,1
67,90.6,6056.15,90.6,1.0,High Risk,1
2,47.8,92.45,47.8,1.0,High Risk,1
1,20.4,20.4,20.4,1.0,High Risk,1
1,79.35,79.35,79.35,1.0,High Risk,1
14,54.25,773.2,0.0,0.0,Low Risk,0
38,94.75,3653.0,0.0,0.0,Low Risk,0
1,70.1,70.1,70.1,1.0,High Risk,1
2,70.4,154.8,0.0,0.0,Low Risk,0
12,78.95,927.35,78.95,1.0,High Risk,1
31,98.05,3082.1,0.0,0.0,Low Risk,0
35,72.1,2495.15,0.0,0.0,Low Risk,0
72,109.55,7920.7,0.0,0.0,Low Risk,0
8,94.2,777.3,94.2,1.0,High Risk,1
10,98.5,1037.75,98.5,1.0,High Risk,1
5,69.05,318.5,69.05,1.0,High Risk,1
63,83.5,5435.0,0.0,0.0,Low Risk,0
71,25.6,1888.25,0.0,0.0,Low Risk,0
46,104.45,4863.85,0.0,0.0,Low Risk,0
52,23.05,1255.1,0.0,0.0,Low Risk,0
1,46.3,46.3,46.3,1.0,High Risk,1
1,79.6,79.6,79.6,1.0,High Risk,1
72,112.75,8192.6,0.0,0.0,Low Risk,0
3,83.75,247.25,83.75,1.0,High Risk,1
28,60.9,1785.65,0.0,0.0,Low Risk,0
39,51.05,2066.0,0.0,0.0,Low Risk,0
33,25.7,826.1,0.0,0.0,Low Risk,0
12,60.65,743.3,0.0,0.0,Low Risk,0
1,74.5,74.5,74.5,1.0,High Risk,1
6,78.65,483.3,0.0,0.0,Low Risk,0
3,86.05,244.85,0.0,0.0,Low Risk,0
4,88.45,370.65,88.45,1.0,High Risk,1
34,89.85,3091.75,0.0,0.0,Low Risk,0
1,19.95,19.95,0.0,0.0,Low Risk,0
15,96.3,1426.75,96.3,1.0,High Risk,1
1,24.75,24.75,24.75,1.0,High Risk,1
3,50.65,151.3,50.65,1.0,High Risk,1
1,20.1,20.1,20.1,1.0,High Risk,1
3,20.25,71.2,0.0,0.0,Low Risk,0
30,80.8,2369.3,0.0,0.0,Low Risk,0
5,53.85,259.8,53.85,1.0,High Risk,1
68,20.0,1396.0,0.0,0.0,Low Risk,0
1,20.35,20.35,0.0,0.0,Low Risk,0
5,80.0,412.5,80.0,1.0,High Risk,1
1,71.1,71.1,71.1,1.0,High Risk,1
13,20.0,218.55,0.0,0.0,Low Risk,0
35,80.05,2835.9,0.0,0.0,Low Risk,0
4,69.55,284.9,0.0,0.0,Low Risk,0
9,24.95,190.25,0.0,0.0,Low Risk,0
45,85.7,3778.1,0.0,0.0,Low Risk,0
21,28.5,629.35,0.0,0.0,Low Risk,0
26,88.8,2274.35,88.8,1.0,High Risk,1
1,85.0,85.0,85.0,1.0,High Risk,1
2,88.55,179.25,88.55,1.0,High Risk,1
11,70.5,829.3,0.0,0.0,Low Risk,0
59,109.15,6557.75,0.0,0.0,Low Risk,0
31,83.85,2674.15,0.0,0.0,Low Risk,0
54,24.75,1342.15,0.0,0.0,Low Risk,0
16,19.3,360.35,0.0,0.0,Low Risk,0
9,54.55,494.05,54.55,1.0,High Risk,1
21,97.35,2119.5,97.35,1.0,High Risk,1
1,20.75,20.75,0.0,0.0,Low Risk,0
23,54.4,1249.25,0.0,0.0,Low Risk,0
7,74.4,527.9,74.4,1.0,High Risk,1
21,103.85,2215.0,0.0,0.0,Low Risk,0
65,107.65,7082.85,0.0,0.0,Low Risk,0
4,44.55,174.3,44.55,1.0,High Risk,1
72,111.95,8033.1,0.0,0.0,Low Risk,0
68,41.95,2965.75,0.0,0.0,Low Risk,0
67,84.8,5598.3,0.0,0.0,Low Risk,0
1,79.25,79.25,79.25,1.0,High Risk,1
69,95.65,6744.2,0.0,0.0,Low Risk,0
60,89.9,5450.7,0.0,0.0,Low Risk,0
3,88.35,262.05,88.35,1.0,High Risk,1
63,59.0,3707.6,0.0,0.0,Low Risk,0
71,91.25,6589.6,0.0,0.0,Low Risk,0
35,85.95,3110.1,85.95,1.0,High Risk,1
34,70.0,2416.1,70.0,1.0,High Risk,1
53,69.7,3729.6,0.0,0.0,Low Risk,0
17,34.4,592.75,0.0,0.0,Low Risk,0
1,60.0,60.0,60.0,1.0,High Risk,1
56,80.9,4557.5,0.0,0.0,Low Risk,0
7,49.75,331.3,49.75,1.0,High Risk,1
67,111.3,7567.2,0.0,0.0,Low Risk,0
11,60.9,688.5,0.0,0.0,Low Risk,0
1,20.25,20.25,0.0,0.0,Low Risk,0
2,24.85,62.0,0.0,0.0,Low Risk,0
69,105.35,7240.65,0.0,0.0,Low Risk,0
1,79.95,79.95,79.95,1.0,High Risk,1
21,90.05,1862.9,0.0,0.0,Low Risk,0
72,97.25,7133.1,0.0,0.0,Low Risk,0
2,84.05,186.05,0.0,0.0,Low Risk,0
57,20.75,1118.8,0.0,0.0,Low Risk,0
1,89.55,89.55,89.55,1.0,High Risk,1
4,80.6,319.15,80.6,1.0,High Risk,1
2,19.4,61.05,0.0,0.0,Low Risk,0
9,76.85,663.55,0.0,0.0,Low Risk,0
71,111.3,7985.9,0.0,0.0,Low Risk,0
13,18.8,251.25,0.0,0.0,Low Risk,0
50,44.8,2230.85,0.0,0.0,Low Risk,0
10,89.8,914.3,89.8,1.0,High Risk,1
64,94.25,6081.4,0.0,0.0,Low Risk,0
1,69.8,69.8,69.8,1.0,High Risk,1
2,24.9,49.7,0.0,0.0,Low Risk,0
30,110.45,3327.05,0.0,0.0,Low Risk,0
7,90.45,593.45,90.45,1.0,High Risk,1
26,19.4,525.55,0.0,0.0,Low Risk,0
20,50.0,1003.05,0.0,0.0,Low Risk,0
72,26.0,1776.0,0.0,0.0,Low Risk,0
13,55.95,734.35,55.95,1.0,High Risk,1
70,84.6,5706.2,0.0,0.0,Low Risk,0
3,29.75,96.85,0.0,0.0,Low Risk,0
2,76.5,162.45,76.5,1.0,High Risk,1
72,115.75,8443.7,0.0,0.0,Low Risk,0
33,83.85,2716.3,83.85,1.0,High Risk,1
15,74.4,1074.3,74.4,1.0,High Risk,1
1,29.15,29.15,0.0,0.0,Low Risk,0
55,98.8,5617.75,98.8,1.0,High Risk,1
5,64.4,316.9,0.0,0.0,Low Risk,0
3,79.65,251.75,79.65,1.0,High Risk,1
65,89.85,5844.65,0.0,0.0,Low Risk,0
39,59.8,2343.85,0.0,0.0,Low Risk,0
70,25.15,1940.85,0.0,0.0,Low Risk,0
34,116.25,3899.05,0.0,0.0,Low Risk,0
30,49.9,1441.95,0.0,0.0,Low Risk,0
12,49.85,617.15,0.0,0.0,Low Risk,0
9,20.1,190.25,0.0,0.0,Low Risk,0
49,56.3,2780.6,0.0,0.0,Low Risk,0
7,44.25,313.45,0.0,0.0,Low Risk,0
38,83.45,3147.15,0.0,0.0,Low Risk,0
63,109.2,7049.75,0.0,0.0,Low Risk,0
1,71.65,71.65,71.65,1.0,High Risk,1
30,89.9,2723.15,0.0,0.0,Low Risk,0
23,73.75,1756.6,0.0,0.0,Low Risk,0
57,69.75,3894.4,0.0,0.0,Low Risk,0
70,75.65,5411.4,0.0,0.0,Low Risk,0
71,106.7,7382.25,0.0,0.0,Low Risk,0
20,49.6,939.8,0.0,0.0,Low Risk,0
72,25.2,1787.35,0.0,0.0,Low Risk,0
22,69.7,1490.4,0.0,0.0,Low Risk,0
15,26.35,378.6,0.0,0.0,Low Risk,0
9,48.75,442.2,48.75,1.0,High Risk,1
38,105.0,4026.4,105.0,1.0,High Risk,1
7,29.8,220.45,0.0,0.0,Low Risk,0
26,73.05,1959.5,0.0,0.0,Low Risk,0
56,60.25,3282.75,0.0,0.0,Low Risk,0
49,20.05,923.1,0.0,0.0,Low Risk,0
3,70.25,229.7,0.0,0.0,Low Risk,0
1,74.4,74.4,74.4,1.0,High Risk,1
70,19.55,1462.05,0.0,0.0,Low Risk,0
23,55.8,1327.85,0.0,0.0,Low Risk,0
65,59.6,3739.8,0.0,0.0,Low Risk,0
69,108.4,7318.2,108.4,1.0,High Risk,1
1,55.4,55.4,55.4,1.0,High Risk,1
24,90.35,2238.5,90.35,1.0,High Risk,1
25,95.15,2395.7,0.0,0.0,Low Risk,0
17,19.9,323.15,0.0,0.0,Low Risk,0
32,70.5,2201.75,0.0,0.0,Low Risk,0
68,19.95,1377.7,0.0,0.0,Low Risk,0
70,20.15,1411.2,0.0,0.0,Low Risk,0
54,105.2,5637.85,0.0,0.0,Low Risk,0
15,19.4,289.3,19.4,1.0,High Risk,1
71,66.85,4748.7,0.0,0.0,Low Risk,0
70,19.85,1433.8,0.0,0.0,Low Risk,0
53,95.85,5016.25,0.0,0.0,Low Risk,0
2,80.15,194.55,0.0,0.0,Low Risk,0
59,79.2,4590.35,0.0,0.0,Low Risk,0
22,84.15,1821.95,0.0,0.0,Low Risk,0
22,75.8,1615.1,0.0,0.0,Low Risk,0
57,49.9,2782.4,0.0,0.0,Low Risk,0
1,71.35,71.35,71.35,1.0,High Risk,1
10,102.1,1068.85,102.1,1.0,High Risk,1
55,51.65,2838.55,0.0,0.0,Low Risk,0
43,24.45,993.15,0.0,0.0,Low Risk,0
18,48.35,810.7,48.35,1.0,High Risk,1
2,80.55,188.1,0.0,0.0,Low Risk,0
52,25.05,1270.25,0.0,0.0,Low Risk,0
60,61.35,3766.2,0.0,0.0,Low Risk,0
59,83.25,4949.1,0.0,0.0,Low Risk,0
69,104.0,7028.5,0.0,0.0,Low Risk,0
14,100.55,1415.55,100.55,1.0,High Risk,1
43,60.4,2640.55,0.0,0.0,Low Risk,0
12,19.4,198.1,0.0,0.0,Low Risk,0
8,19.5,162.15,0.0,0.0,Low Risk,0
3,69.15,235.0,0.0,0.0,Low Risk,0
58,105.05,6004.85,0.0,0.0,Low Risk,0
13,63.15,816.8,0.0,0.0,Low Risk,0
23,20.15,405.6,0.0,0.0,Low Risk,0
17,78.9,1348.95,0.0,0.0,Low Risk,0
52,109.3,5731.4,0.0,0.0,Low Risk,0
32,78.9,2447.95,78.9,1.0,High Risk,1
36,34.85,1267.2,0.0,0.0,Low Risk,0
67,25.1,1672.15,0.0,0.0,Low Risk,0
29,103.95,2964.8,0.0,0.0,Low Risk,0
65,111.05,7107.0,0.0,0.0,Low Risk,0
41,83.75,3273.55,83.75,1.0,High Risk,1
60,65.85,3928.3,0.0,0.0,Low Risk,0
53,19.85,1049.6,0.0,0.0,Low Risk,0
68,24.95,1614.9,0.0,0.0,Low Risk,0
2,74.7,165.4,74.7,1.0,High Risk,1
61,33.6,2117.2,0.0,0.0,Low Risk,0
41,20.0,879.8,0.0,0.0,Low Risk,0
69,74.1,5031.0,0.0,0.0,Low Risk,0
35,76.05,2747.2,0.0,0.0,Low Risk,0
7,51.0,354.05,51.0,1.0,High Risk,1
50,25.2,1306.3,0.0,0.0,Low Risk,0
36,63.7,2188.5,0.0,0.0,Low Risk,0
48,100.05,4834.0,0.0,0.0,Low Risk,0
71,81.85,5924.4,0.0,0.0,Low Risk,0
65,109.05,7108.2,0.0,0.0,Low Risk,0
23,93.5,2341.55,0.0,0.0,Low Risk,0
66,63.85,4174.35,0.0,0.0,Low Risk,0
5,25.05,125.5,0.0,0.0,Low Risk,0
72,112.9,8061.5,0.0,0.0,Low Risk,0
2,20.35,45.3,0.0,0.0,Low Risk,0
12,19.45,246.25,0.0,0.0,Low Risk,0
3,91.85,257.05,91.85,1.0,High Risk,1
72,88.6,6201.95,0.0,0.0,Low Risk,0
18,59.1,1011.05,0.0,0.0,Low Risk,0
39,53.85,2200.7,0.0,0.0,Low Risk,0
26,85.8,2193.65,0.0,0.0,Low Risk,0
72,64.75,4804.75,0.0,0.0,Low Risk,0
3,23.6,89.05,0.0,0.0,Low Risk,0
1,59.85,59.85,59.85,1.0,High Risk,1
34,87.45,2874.15,87.45,1.0,High Risk,1
11,76.4,838.7,0.0,0.0,Low Risk,0
66,19.7,1253.8,0.0,0.0,Low Risk,0
2,80.6,155.8,80.6,1.0,High Risk,1
8,66.05,574.5,0.0,0.0,Low Risk,0
33,70.4,2406.1,0.0,0.0,Low Risk,0
72,25.65,1887.0,0.0,0.0,Low Risk,0
58,59.9,3505.1,0.0,0.0,Low Risk,0
30,83.55,2570.2,0.0,0.0,Low Risk,0
5,24.95,100.4,24.95,1.0,High Risk,1
46,110.2,4972.1,0.0,0.0,Low Risk,0
4,70.5,294.2,0.0,0.0,Low Risk,0
40,65.1,2586.0,0.0,0.0,Low Risk,0
72,84.3,5997.1,0.0,0.0,Low Risk,0
49,99.8,4872.45,99.8,1.0,High Risk,1
1,54.9,54.9,54.9,1.0,High Risk,1
52,85.35,4338.6,85.35,1.0,High Risk,1
72,20.1,1326.25,0.0,0.0,Low Risk,0
28,39.1,1096.6,0.0,0.0,Low Risk,0
33,91.25,2964.05,0.0,0.0,Low Risk,0
10,73.55,693.3,0.0,0.0,Low Risk,0
16,93.2,1573.7,93.2,1.0,High Risk,1
22,69.5,1498.2,69.5,1.0,High Risk,1
58,24.7,1519.0,0.0,0.0,Low Risk,0
72,109.75,7758.9,0.0,0.0,Low Risk,0
10,54.5,568.2,0.0,0.0,Low Risk,0
5,19.65,92.05,0.0,0.0,Low Risk,0
2,70.7,141.45,70.7,1.0,High Risk,1
2,70.95,137.95,70.95,1.0,High Risk,1
2,54.35,117.05,0.0,0.0,Low Risk,0
53,104.05,5566.4,0.0,0.0,Low Risk,0
25,88.95,2291.2,88.95,1.0,High Risk,1
64,113.35,7222.75,0.0,0.0,Low Risk,0
2,45.55,84.4,0.0,0.0,Low Risk,0
16,69.1,1083.7,0.0,0.0,Low Risk,0
39,47.85,1886.4,0.0,0.0,Low Risk,0
35,25.6,901.25,0.0,0.0,Low Risk,0
31,76.05,2227.8,0.0,0.0,Low Risk,0
5,54.2,308.25,54.2,1.0,High Risk,1
72,111.65,8022.85,0.0,0.0,Low Risk,0
2,90.75,174.75,0.0,0.0,Low Risk,0
61,89.65,5308.7,0.0,0.0,Low Risk,0
31,65.25,1994.3,65.25,1.0,High Risk,1
2,40.4,77.15,40.4,1.0,High Risk,1
1,20.75,20.75,0.0,0.0,Low Risk,0
1,20.35,20.35,0.0,0.0,Low Risk,0
59,20.2,1192.3,0.0,0.0,Low Risk,0
1,95.65,95.65,95.65,1.0,High Risk,1
9,45.15,416.45,45.15,1.0,High Risk,1
14,91.65,1301.0,91.65,1.0,High Risk,1
12,86.55,1066.9,0.0,0.0,Low Risk,0
47,74.45,3510.3,0.0,0.0,Low Risk,0
7,48.8,349.8,0.0,0.0,Low Risk,0
28,90.45,2509.25,0.0,0.0,Low Risk,0
70,19.8,1378.75,0.0,0.0,Low Risk,0
26,19.65,494.9,0.0,0.0,Low Risk,0
61,99.15,6010.05,99.15,1.0,High Risk,1
70,101.75,7069.3,0.0,0.0,Low Risk,0
1,19.5,19.5,0.0,0.0,Low Risk,0
37,96.55,3580.3,96.55,1.0,High Risk,1
60,90.95,5453.4,90.95,1.0,High Risk,1
71,105.1,7548.1,105.1,1.0,High Risk,1
31,101.4,3143.65,0.0,0.0,Low Risk,0
14,19.75,309.35,0.0,0.0,Low Risk,0
50,103.4,5236.4,0.0,0.0,Low Risk,0
1,19.75,19.75,0.0,0.0,Low Risk,0
41,99.8,4259.3,99.8,1.0,High Risk,1
30,50.4,1527.5,50.4,1.0,High Risk,1
64,24.4,1548.65,0.0,0.0,Low Risk,0
7,64.2,475.0,0.0,0.0,Low Risk,0
1,74.6,74.6,0.0,0.0,Low Risk,0
51,83.85,4307.1,0.0,0.0,Low Risk,0
50,80.05,4042.2,0.0,0.0,Low Risk,0
44,20.5,865.05,0.0,0.0,Low Risk,0
65,105.05,6744.25,0.0,0.0,Low Risk,0
1,25.7,25.7,25.7,1.0,High Risk,1
2,45.0,96.45,45.0,1.0,High Risk,1
48,102.5,4904.25,0.0,0.0,Low Risk,0
6,109.9,669.45,109.9,1.0,High Risk,1
35,62.1,2096.1,0.0,0.0,Low Risk,0
22,50.35,1098.85,0.0,0.0,Low Risk,0
72,60.95,4549.05,0.0,0.0,Low Risk,0
55,76.25,4154.55,0.0,0.0,Low Risk,0
69,106.35,7261.75,0.0,0.0,Low Risk,0
72,73.45,5329.0,0.0,0.0,Low Risk,0
1,91.3,91.3,91.3,1.0,High Risk,1
26,105.45,2715.3,0.0,0.0,Low Risk,0
23,20.9,454.0,0.0,0.0,Low Risk,0
2,20.35,35.1,0.0,0.0,Low Risk,0
2,76.4,151.8,76.4,1.0,High Risk,1
40,103.75,4188.4,0.0,0.0,Low Risk,0
1,94.6,94.6,94.6,1.0,High Risk,1
27,75.2,1929.35,75.2,1.0,High Risk,1
9,65.0,663.05,65.0,1.0,High Risk,1
50,88.05,4367.35,88.05,1.0,High Risk,1
46,20.2,845.6,0.0,0.0,Low Risk,0
15,25.2,387.9,0.0,0.0,Low Risk,0
23,78.55,1843.05,0.0,0.0,Low Risk,0
2,59.0,114.15,0.0,0.0,Low Risk,0
18,90.7,1597.25,90.7,1.0,High Risk,1
70,75.5,5212.65,0.0,0.0,Low Risk,0
9,48.6,422.3,0.0,0.0,Low Risk,0
30,67.6,2000.2,0.0,0.0,Low Risk,0
15,75.1,1151.55,0.0,0.0,Low Risk,0
39,90.7,3413.25,0.0,0.0,Low Risk,0
12,49.4,611.65,0.0,0.0,Low Risk,0
19,89.95,1682.4,0.0,0.0,Low Risk,0
24,54.8,1291.3,0.0,0.0,Low Risk,0
67,102.95,6886.25,102.95,1.0,High Risk,1
69,60.05,4176.7,0.0,0.0,Low Risk,0
55,85.1,4600.95,0.0,0.0,Low Risk,0
52,63.25,3342.45,0.0,0.0,Low Risk,0
17,94.4,1617.5,94.4,1.0,High Risk,1
19,48.8,953.65,0.0,0.0,Low Risk,0
39,75.25,3017.65,75.25,1.0,High Risk,1
40,61.9,2647.1,0.0,0.0,Low Risk,0
26,20.9,518.3,0.0,0.0,Low Risk,0
1,19.9,19.9,0.0,0.0,Low Risk,0
18,78.55,1422.65,78.55,1.0,High Risk,1
15,75.3,1147.45,75.3,1.0,High Risk,1
2,20.45,42.45,0.0,0.0,Low Risk,0
1,79.35,79.35,79.35,1.0,High Risk,1
23,95.3,2192.9,0.0,0.0,Low Risk,0
72,66.85,4758.8,0.0,0.0,Low Risk,0
2,20.3,41.2,0.0,0.0,Low Risk,0
70,88.55,6306.5,0.0,0.0,Low Risk,0
46,19.95,927.1,0.0,0.0,Low Risk,0
36,19.55,620.75,0.0,0.0,Low Risk,0
72,110.15,7881.2,0.0,0.0,Low Risk,0
6,48.8,297.35,0.0,0.0,Low Risk,0
4,20.4,94.5,0.0,0.0,Low Risk,0
1,85.45,85.45,85.45,1.0,High Risk,1
1,83.4,83.4,0.0,0.0,Low Risk,0
13,100.35,1358.85,100.35,1.0,High Risk,1
64,47.85,3147.5,47.85,1.0,High Risk,1
8,44.55,343.45,0.0,0.0,Low Risk,0
72,112.25,8041.65,0.0,0.0,Low Risk,0
1,75.45,75.45,75.45,1.0,High Risk,1
4,100.85,399.25,0.0,0.0,Low Risk,0
1,49.85,49.85,0.0,0.0,Low Risk,0
62,24.25,1424.6,0.0,0.0,Low Risk,0
34,96.35,3190.25,0.0,0.0,Low Risk,0
1,44.4,44.4,44.4,1.0,High Risk,1
24,101.05,2391.8,101.05,1.0,High Risk,1
72,105.25,7609.75,0.0,0.0,Low Risk,0
1,19.95,19.95,0.0,0.0,Low Risk,0
63,103.5,6479.4,0.0,0.0,Low Risk,0
66,109.25,7082.5,0.0,0.0,Low Risk,0
61,79.8,4914.8,0.0,0.0,Low Risk,0
67,19.95,1311.75,0.0,0.0,Low Risk,0
12,95.5,1115.15,95.5,1.0,High Risk,1
19,34.95,610.2,0.0,0.0,Low Risk,0
67,20.5,1430.95,0.0,0.0,Low Risk,0
13,80.0,1029.35,0.0,0.0,Low Risk,0
1,45.15,45.15,0.0,0.0,Low Risk,0
3,84.75,264.85,84.75,1.0,High Risk,1
3,20.05,75.45,0.0,0.0,Low Risk,0
17,104.2,1743.5,104.2,1.0,High Risk,1
52,53.75,2790.65,0.0,0.0,Low Risk,0
51,19.4,997.75,0.0,0.0,Low Risk,0
5,84.85,415.55,84.85,1.0,High Risk,1
29,35.65,1025.15,0.0,0.0,Low Risk,0
1,20.15,20.15,20.15,1.0,High Risk,1
1,20.15,20.15,20.15,1.0,High Risk,1
42,94.45,3923.8,0.0,0.0,Low Risk,0
1,19.65,19.65,0.0,0.0,Low Risk,0
16,88.45,1422.1,88.45,1.0,High Risk,1
11,45.2,492.0,0.0,0.0,Low Risk,0
26,93.85,2381.55,93.85,1.0,High Risk,1
54,61.0,3283.05,0.0,0.0,Low Risk,0
30,94.05,2866.45,94.05,1.0,High Risk,1
66,79.4,5154.6,79.4,1.0,High Risk,1
72,108.65,7726.35,0.0,0.0,Low Risk,0
12,24.0,269.65,0.0,0.0,Low Risk,0
19,106.6,1934.45,106.6,1.0,High Risk,1
9,68.95,593.85,0.0,0.0,Low Risk,0
0,73.35,0.0,0.0,0.0,Low Risk,0
66,25.45,1699.15,0.0,0.0,Low Risk,0
10,34.55,362.6,0.0,0.0,Low Risk,0
56,24.45,1385.85,0.0,0.0,Low Risk,0
67,19.25,1372.9,0.0,0.0,Low Risk,0
64,60.05,3845.45,0.0,0.0,Low Risk,0
64,81.3,5129.3,0.0,0.0,Low Risk,0
13,70.45,849.1,0.0,0.0,Low Risk,0
5,96.1,453.4,96.1,1.0,High Risk,1
4,35.0,135.75,0.0,0.0,Low Risk,0
45,20.0,886.4,0.0,0.0,Low Risk,0
18,94.75,1691.9,0.0,0.0,Low Risk,0
3,57.55,161.45,0.0,0.0,Low Risk,0
1,20.6,20.6,20.6,1.0,High Risk,1
29,45.9,1332.4,0.0,0.0,Low Risk,0
69,24.6,1678.05,0.0,0.0,Low Risk,0
21,99.85,1992.55,0.0,0.0,Low Risk,0
20,44.35,927.15,0.0,0.0,Low Risk,0
72,110.3,7966.9,0.0,0.0,Low Risk,0
7,24.35,150.85,0.0,0.0,Low Risk,0
5,20.05,95.55,0.0,0.0,Low Risk,0
6,50.35,314.55,0.0,0.0,Low Risk,0
13,66.4,831.75,0.0,0.0,Low Risk,0
1,20.05,20.05,0.0,0.0,Low Risk,0
3,79.1,246.5,79.1,1.0,High Risk,1
7,96.2,639.7,0.0,0.0,Low Risk,0
6,84.85,523.5,84.85,1.0,High Risk,1
1,20.0,20.0,20.0,1.0,High Risk,1
11,20.05,237.7,0.0,0.0,Low Risk,0
63,99.9,6137.0,99.9,1.0,High Risk,1
3,75.05,202.9,0.0,0.0,Low Risk,0
6,19.15,124.4,0.0,0.0,Low Risk,0
70,69.2,4872.35,0.0,0.0,Low Risk,0
37,90.35,3419.3,0.0,0.0,Low Risk,0
38,20.2,735.9,0.0,0.0,Low Risk,0
29,58.55,1718.95,0.0,0.0,Low Risk,0
9,19.9,164.6,0.0,0.0,Low Risk,0
23,20.75,485.2,0.0,0.0,Low Risk,0
20,90.8,1951.0,90.8,1.0,High Risk,1
70,24.05,1764.75,0.0,0.0,Low Risk,0
70,101.0,7085.5,0.0,0.0,Low Risk,0
5,84.7,392.5,0.0,0.0,Low Risk,0
72,80.85,5727.45,0.0,0.0,Low Risk,0
72,55.65,3880.05,0.0,0.0,Low Risk,0
4,94.9,360.55,0.0,0.0,Low Risk,0
7,20.05,164.85,20.05,1.0,High Risk,1
23,81.85,1810.85,0.0,0.0,Low Risk,0
11,64.9,716.1,0.0,0.0,Low Risk,0
23,20.0,445.3,0.0,0.0,Low Risk,0
12,54.3,654.5,0.0,0.0,Low Risk,0
49,93.65,4520.15,0.0,0.0,Low Risk,0
14,85.15,1139.2,85.15,1.0,High Risk,1
56,36.1,1971.5,0.0,0.0,Low Risk,0
3,19.9,45.75,0.0,0.0,Low Risk,0
69,110.5,7455.45,0.0,0.0,Low Risk,0
6,80.8,457.1,0.0,0.0,Low Risk,0
49,20.7,1032.05,0.0,0.0,Low Risk,0
18,94.7,1687.95,94.7,1.0,High Risk,1
1,69.5,69.5,69.5,1.0,High Risk,1
3,35.2,108.95,35.2,1.0,High Risk,1
2,85.85,167.3,85.85,1.0,High Risk,1
54,19.65,1008.7,0.0,0.0,Low Risk,0
24,51.1,1269.6,0.0,0.0,Low Risk,0
54,60.0,3273.95,0.0,0.0,Low Risk,0
15,19.75,311.6,0.0,0.0,Low Risk,0
45,81.65,3618.7,0.0,0.0,Low Risk,0
46,38.25,1755.35,0.0,0.0,Low Risk,0
12,54.2,690.5,0.0,0.0,Low Risk,0
71,76.05,5436.45,0.0,0.0,Low Risk,0
13,31.65,389.95,0.0,0.0,Low Risk,0
1,73.0,73.0,73.0,1.0,High Risk,1
58,91.55,5511.65,0.0,0.0,Low Risk,0
7,75.1,552.95,75.1,1.0,High Risk,1
48,23.55,1173.35,0.0,0.0,Low Risk,0
71,97.65,6687.85,0.0,0.0,Low Risk,0
9,20.4,184.1,0.0,0.0,Low Risk,0
18,55.95,1082.8,0.0,0.0,Low Risk,0
1,20.2,20.2,0.0,0.0,Low Risk,0
67,20.05,1263.05,0.0,0.0,Low Risk,0
1,85.0,85.0,0.0,0.0,Low Risk,0
56,98.0,5270.6,0.0,0.0,Low Risk,0
54,46.2,2431.95,0.0,0.0,Low Risk,0
14,19.7,263.65,0.0,0.0,Low Risk,0
14,46.35,672.7,0.0,0.0,Low Risk,0
54,69.9,3883.3,0.0,0.0,Low Risk,0
72,68.15,4808.7,0.0,0.0,Low Risk,0
17,56.1,946.95,0.0,0.0,Low Risk,0
1,20.0,20.0,0.0,0.0,Low Risk,0
30,85.0,2624.25,85.0,1.0,High Risk,1
50,20.15,970.85,0.0,0.0,Low Risk,0
3,19.95,58.3,0.0,0.0,Low Risk,0
12,74.15,741.4,0.0,0.0,Low Risk,0
13,81.15,952.3,81.15,1.0,High Risk,1
25,69.3,1813.1,0.0,0.0,Low Risk,0
2,90.4,168.2,90.4,1.0,High Risk,1
36,70.7,2511.95,0.0,0.0,Low Risk,0
3,50.25,152.3,0.0,0.0,Low Risk,0
66,63.85,4264.6,0.0,0.0,Low Risk,0
15,101.1,1504.05,101.1,1.0,High Risk,1
61,73.8,4616.05,0.0,0.0,Low Risk,0
70,114.95,7711.25,0.0,0.0,Low Risk,0
35,39.85,1434.6,0.0,0.0,Low Risk,0
1,48.6,48.6,48.6,1.0,High Risk,1
48,20.65,1057.0,0.0,0.0,Low Risk,0
70,40.05,2799.75,0.0,0.0,Low Risk,0
12,105.3,1275.65,0.0,0.0,Low Risk,0
61,114.1,7132.15,0.0,0.0,Low Risk,0
38,84.25,3264.5,84.25,1.0,High Risk,1
1,71.35,71.35,71.35,1.0,High Risk,1
56,65.2,3512.15,0.0,0.0,Low Risk,0
5,85.4,425.9,85.4,1.0,High Risk,1
11,45.9,521.9,0.0,0.0,Low Risk,0
59,106.15,6256.2,0.0,0.0,Low Risk,0
1,45.4,45.4,0.0,0.0,Low Risk,0
72,104.15,7689.95,104.15,1.0,High Risk,1
22,20.15,419.9,0.0,0.0,Low Risk,0
17,44.6,681.4,0.0,0.0,Low Risk,0
50,44.45,2188.45,0.0,0.0,Low Risk,0
8,66.65,520.95,0.0,0.0,Low Risk,0
56,59.8,3457.45,0.0,0.0,Low Risk,0
3,80.3,250.05,80.3,1.0,High Risk,1
40,20.4,745.3,0.0,0.0,Low Risk,0
67,101.4,6841.05,0.0,0.0,Low Risk,0
4,91.65,365.4,91.65,1.0,High Risk,1
67,20.85,1327.4,0.0,0.0,Low Risk,0
4,50.3,217.1,0.0,0.0,Low Risk,0
61,24.1,1551.6,0.0,0.0,Low Risk,0
69,26.3,1763.55,0.0,0.0,Low Risk,0
49,20.15,973.35,0.0,0.0,Low Risk,0
49,85.3,4297.95,0.0,0.0,Low Risk,0
35,113.2,3914.05,0.0,0.0,Low Risk,0
69,24.45,1718.2,0.0,0.0,Low Risk,0
60,59.85,3483.45,0.0,0.0,Low Risk,0
1,40.1,40.1,40.1,1.0,High Risk,1
17,55.85,937.5,55.85,1.0,High Risk,1
1,44.55,44.55,0.0,0.0,Low Risk,0
5,20.55,99.45,0.0,0.0,Low Risk,0
13,20.4,261.3,0.0,0.0,Low Risk,0
4,74.35,265.35,74.35,1.0,High Risk,1
53,78.75,3942.45,0.0,0.0,Low Risk,0
72,64.45,4528.0,0.0,0.0,Low Risk,0
24,20.75,487.05,0.0,0.0,Low Risk,0
19,24.7,465.85,0.0,0.0,Low Risk,0
1,19.85,19.85,0.0,0.0,Low Risk,0
5,75.6,402.5,0.0,0.0,Low Risk,0
71,86.7,6179.35,0.0,0.0,Low Risk,0
72,89.05,6254.45,0.0,0.0,Low Risk,0
42,59.65,2536.55,0.0,0.0,Low Risk,0
14,55.5,767.55,0.0,0.0,Low Risk,0
1,51.25,51.25,0.0,0.0,Low Risk,0
2,70.65,142.35,70.65,1.0,High Risk,1
72,92.45,6440.25,92.45,1.0,High Risk,1
13,88.35,1222.8,88.35,1.0,High Risk,1
18,77.8,1358.6,0.0,0.0,Low Risk,0
45,96.75,4442.75,0.0,0.0,Low Risk,0
55,100.15,5409.75,0.0,0.0,Low Risk,0
1,50.05,50.05,0.0,0.0,Low Risk,0
1,21.1,21.1,0.0,0.0,Low Risk,0
65,24.8,1600.95,0.0,0.0,Low Risk,0
46,69.1,3168.0,0.0,0.0,Low Risk,0
21,20.75,452.2,0.0,0.0,Low Risk,0
24,101.25,2440.15,101.25,1.0,High Risk,1
34,61.25,1993.2,0.0,0.0,Low Risk,0
13,74.65,966.25,0.0,0.0,Low Risk,0
48,69.7,3023.65,0.0,0.0,Low Risk,0
56,106.8,5914.4,0.0,0.0,Low Risk,0
42,100.4,4303.65,0.0,0.0,Low Risk,0
4,54.7,235.05,0.0,0.0,Low Risk,0
65,55.15,3673.15,0.0,0.0,Low Risk,0
3,25.0,78.25,0.0,0.0,Low Risk,0
70,80.6,5460.2,0.0,0.0,Low Risk,0
1,88.8,88.8,88.8,1.0,High Risk,1
66,54.8,3465.7,0.0,0.0,Low Risk,0
19,55.0,1046.5,55.0,1.0,High Risk,1
70,24.25,1724.15,0.0,0.0,Low Risk,0
41,99.65,4220.35,0.0,0.0,Low Risk,0
45,109.75,4900.65,0.0,0.0,Low Risk,0
49,20.45,900.9,0.0,0.0,Low Risk,0
22,90.5,1910.6,90.5,1.0,High Risk,1
56,99.75,5608.4,0.0,0.0,Low Risk,0
15,55.7,899.8,55.7,1.0,High Risk,1
67,100.25,6689.0,0.0,0.0,Low Risk,0
1,19.65,19.65,0.0,0.0,Low Risk,0
38,101.15,3741.85,0.0,0.0,Low Risk,0
52,74.0,3877.65,0.0,0.0,Low Risk,0
34,20.1,682.1,0.0,0.0,Low Risk,0
69,19.9,1356.7,0.0,0.0,Low Risk,0
4,101.7,364.55,101.7,1.0,High Risk,1
63,58.55,3503.5,0.0,0.0,Low Risk,0
24,19.75,483.15,0.0,0.0,Low Risk,0
62,90.7,5586.45,0.0,0.0,Low Risk,0
36,19.25,679.8,0.0,0.0,Low Risk,0
38,68.15,2656.3,0.0,0.0,Low Risk,0
47,80.35,3825.85,80.35,1.0,High Risk,1
38,79.45,3013.05,79.45,1.0,High Risk,1
42,92.15,3875.4,0.0,0.0,Low Risk,0
42,25.25,1108.2,0.0,0.0,Low Risk,0
3,75.3,244.1,0.0,0.0,Low Risk,0
8,100.3,832.35,100.3,1.0,High Risk,1
9,84.4,732.5,84.4,1.0,High Risk,1
58,68.4,3972.25,0.0,0.0,Low Risk,0
21,60.05,1236.15,60.05,1.0,High Risk,1
10,20.9,247.0,0.0,0.0,Low Risk,0
70,98.9,6838.6,0.0,0.0,Low Risk,0
26,75.0,1908.35,0.0,0.0,Low Risk,0
36,96.5,3436.1,96.5,1.0,High Risk,1
72,67.8,4804.65,0.0,0.0,Low Risk,0
9,74.25,639.65,74.25,1.0,High Risk,1
15,100.15,1415.0,0.0,0.0,Low Risk,0
63,83.0,5243.05,0.0,0.0,Low Risk,0
4,63.75,226.2,0.0,0.0,Low Risk,0
25,20.6,541.5,0.0,0.0,Low Risk,0
46,19.6,851.2,0.0,0.0,Low Risk,0
44,104.15,4495.65,0.0,0.0,Low Risk,0
12,20.45,255.35,0.0,0.0,Low Risk,0
1,44.8,44.8,0.0,0.0,Low Risk,0
1,48.55,48.55,48.55,1.0,High Risk,1
20,61.6,1174.35,61.6,1.0,High Risk,1
72,117.5,8670.1,0.0,0.0,Low Risk,0
53,60.45,3184.25,60.45,1.0,High Risk,1
52,19.2,1054.75,0.0,0.0,Low Risk,0
2,74.2,140.1,0.0,0.0,Low Risk,0
50,93.5,4747.5,0.0,0.0,Low Risk,0
17,69.0,1149.65,69.0,1.0,High Risk,1
51,29.45,1459.35,0.0,0.0,Low Risk,0
16,78.75,1218.25,0.0,0.0,Low Risk,0
18,95.05,1679.4,0.0,0.0,Low Risk,0
71,85.45,6300.85,0.0,0.0,Low Risk,0
68,44.8,2983.65,0.0,0.0,Low Risk,0
1,74.7,74.7,0.0,0.0,Low Risk,0
25,18.7,383.65,0.0,0.0,Low Risk,0
24,93.15,2231.05,93.15,1.0,High Risk,1
14,50.75,712.75,50.75,1.0,High Risk,1
55,59.2,3175.85,0.0,0.0,Low Risk,0
25,61.05,1540.2,0.0,0.0,Low Risk,0
10,60.2,563.5,0.0,0.0,Low Risk,0
61,103.9,6449.15,0.0,0.0,Low Risk,0
6,59.15,336.7,0.0,0.0,Low Risk,0
13,19.95,243.65,0.0,0.0,Low Risk,0
2,19.3,44.4,0.0,0.0,Low Risk,0
1,45.0,45.0,0.0,0.0,Low Risk,0
2,70.35,139.25,0.0,0.0,Low Risk,0
49,96.2,4718.25,96.2,1.0,High Risk,1
1,45.3,45.3,45.3,1.0,High Risk,1
37,94.3,3460.95,0.0,0.0,Low Risk,0
40,20.15,777.35,0.0,0.0,Low Risk,0
23,94.75,2293.6,94.75,1.0,High Risk,1
66,108.1,7238.6,0.0,0.0,Low Risk,0
17,92.55,1515.1,92.55,1.0,High Risk,1
9,85.05,746.5,85.05,1.0,High Risk,1
39,101.25,3949.15,0.0,0.0,Low Risk,0
23,40.1,857.75,0.0,0.0,Low Risk,0
50,20.15,989.05,0.0,0.0,Low Risk,0
3,97.9,315.3,97.9,1.0,High Risk,1
61,19.45,1336.35,0.0,0.0,Low Risk,0
24,88.95,2072.75,0.0,0.0,Low Risk,0
14,84.8,1203.9,0.0,0.0,Low Risk,0
52,25.75,1345.85,0.0,0.0,Low Risk,0
15,84.3,1308.4,84.3,1.0,High Risk,1
33,59.4,1952.8,0.0,0.0,Low Risk,0
69,95.35,6382.0,0.0,0.0,Low Risk,0
61,88.1,5526.75,0.0,0.0,Low Risk,0
71,116.05,8297.5,0.0,0.0,Low Risk,0
53,90.8,4921.2,0.0,0.0,Low Risk,0
42,55.65,2421.75,0.0,0.0,Low Risk,0
36,79.2,2854.95,0.0,0.0,Low Risk,0
25,105.5,2686.05,0.0,0.0,Low Risk,0
8,20.7,137.6,0.0,0.0,Low Risk,0
16,95.6,1555.65,95.6,1.0,High Risk,1
12,89.75,1052.4,89.75,1.0,High Risk,1
28,104.8,3046.05,104.8,1.0,High Risk,1
7,94.1,701.3,0.0,0.0,Low Risk,0
32,104.9,3351.55,104.9,1.0,High Risk,1
1,78.65,78.65,78.65,1.0,High Risk,1
8,30.45,226.45,30.45,1.0,High Risk,1
63,103.4,6603.0,103.4,1.0,High Risk,1
1,34.7,34.7,34.7,1.0,High Risk,1
60,102.5,6157.6,0.0,0.0,Low Risk,0
16,86.25,1340.1,0.0,0.0,Low Risk,0
71,92.0,6585.2,0.0,0.0,Low Risk,0
40,85.05,3355.65,0.0,0.0,Low Risk,0
18,99.75,1836.25,99.75,1.0,High Risk,1
5,78.75,426.35,0.0,0.0,Low Risk,0
33,79.0,2576.8,0.0,0.0,Low Risk,0
13,19.75,246.7,0.0,0.0,Low Risk,0
40,50.25,2023.55,0.0,0.0,Low Risk,0
67,116.1,7839.85,0.0,0.0,Low Risk,0
16,50.15,762.25,50.15,1.0,High Risk,1
59,66.4,3958.2,0.0,0.0,Low Risk,0
8,69.95,562.7,0.0,0.0,Low Risk,0
24,24.1,587.4,0.0,0.0,Low Risk,0
7,20.25,144.35,0.0,0.0,Low Risk,0
72,24.1,1734.65,0.0,0.0,Low Risk,0
44,88.15,3973.2,0.0,0.0,Low Risk,0
38,74.95,2869.85,74.95,1.0,High Risk,1
4,55.9,238.5,0.0,0.0,Low Risk,0
2,53.45,119.5,0.0,0.0,Low Risk,0
70,49.85,3370.2,0.0,0.0,Low Risk,0
33,90.65,2989.6,0.0,0.0,Low Risk,0
1,24.9,24.9,0.0,0.0,Low Risk,0
39,35.55,1309.15,0.0,0.0,Low Risk,0
55,116.5,6382.55,0.0,0.0,Low Risk,0
52,68.75,3482.85,0.0,0.0,Low Risk,0
30,51.2,1561.5,51.2,1.0,High Risk,1
60,99.0,6017.9,0.0,0.0,Low Risk,0
50,54.9,2614.1,0.0,0.0,Low Risk,0
32,109.55,3608.0,0.0,0.0,Low Risk,0
51,106.8,5498.8,0.0,0.0,Low Risk,0
1,74.3,74.3,0.0,0.0,Low Risk,0
69,25.6,1673.4,0.0,0.0,Low Risk,0
42,94.2,4186.3,94.2,1.0,High Risk,1
14,46.35,667.7,46.35,1.0,High Risk,1
52,25.6,1334.5,0.0,0.0,Low Risk,0
62,107.6,6912.7,0.0,0.0,Low Risk,0
72,19.55,1463.45,0.0,0.0,Low Risk,0
32,96.2,3183.4,96.2,1.0,High Risk,1
1,69.65,69.65,69.65,1.0,High Risk,1
72,78.5,5602.25,0.0,0.0,Low Risk,0
1,45.1,45.1,45.1,1.0,High Risk,1
1,25.75,25.75,0.0,0.0,Low Risk,0
5,104.1,541.9,104.1,1.0,High Risk,1
63,104.75,6536.5,0.0,0.0,Low Risk,0
67,81.35,5398.6,0.0,0.0,Low Risk,0
40,96.35,3915.4,0.0,0.0,Low Risk,0
65,93.55,6069.25,0.0,0.0,Low Risk,0
16,19.7,301.55,0.0,0.0,Low Risk,0
46,69.1,3255.35,0.0,0.0,Low Risk,0
11,35.65,425.1,0.0,0.0,Low Risk,0
49,99.4,5025.0,0.0,0.0,Low Risk,0
68,54.4,3723.65,0.0,0.0,Low Risk,0
10,19.3,185.2,0.0,0.0,Low Risk,0
2,83.8,163.7,0.0,0.0,Low Risk,0
5,68.95,351.5,0.0,0.0,Low Risk,0
53,62.85,3419.5,0.0,0.0,Low Risk,0
54,110.45,6077.75,0.0,0.0,Low Risk,0
4,45.3,196.95,45.3,1.0,High Risk,1
15,75.65,1146.65,75.65,1.0,High Risk,1
10,19.85,193.05,0.0,0.0,Low Risk,0
3,55.3,196.15,55.3,1.0,High Risk,1
71,24.75,1836.9,0.0,0.0,Low Risk,0
8,54.75,445.85,0.0,0.0,Low Risk,0
1,94.0,94.0,94.0,1.0,High Risk,1
64,110.3,6997.3,0.0,0.0,Low Risk,0
57,18.8,1094.35,0.0,0.0,Low Risk,0
1,100.8,100.8,100.8,1.0,High Risk,1
20,60.0,1259.35,0.0,0.0,Low Risk,0
26,66.05,1652.4,0.0,0.0,Low Risk,0
2,79.75,159.4,79.75,1.0,High Risk,1
32,94.8,3131.55,0.0,0.0,Low Risk,0
5,25.45,134.75,0.0,0.0,Low Risk,0
70,111.15,7737.55,0.0,0.0,Low Risk,0
31,55.25,1715.65,55.25,1.0,High Risk,1
7,59.5,415.95,59.5,1.0,High Risk,1
1,25.35,25.35,0.0,0.0,Low Risk,0
20,98.55,1842.8,98.55,1.0,High Risk,1
35,61.2,2021.2,0.0,0.0,Low Risk,0
6,60.9,414.1,0.0,0.0,Low Risk,0
72,74.55,5430.65,0.0,0.0,Low Risk,0
13,19.65,244.8,0.0,0.0,Low Risk,0
4,48.75,179.85,0.0,0.0,Low Risk,0
63,19.15,1177.05,0.0,0.0,Low Risk,0
69,84.7,5878.9,0.0,0.0,Low Risk,0
3,34.25,139.35,34.25,1.0,High Risk,1
71,80.7,5676.0,0.0,0.0,Low Risk,0
15,19.45,340.85,0.0,0.0,Low Risk,0
30,19.7,599.25,0.0,0.0,Low Risk,0
23,83.2,2032.3,0.0,0.0,Low Risk,0
9,19.85,183.15,0.0,0.0,Low Risk,0
35,19.15,638.0,0.0,0.0,Low Risk,0
6,54.85,355.1,0.0,0.0,Low Risk,0
1,75.05,75.05,75.05,1.0,High Risk,1
72,25.1,1857.85,0.0,0.0,Low Risk,0
45,84.35,3858.05,0.0,0.0,Low Risk,0
7,89.75,608.8,89.75,1.0,High Risk,1
70,48.4,3442.8,0.0,0.0,Low Risk,0
53,19.9,1110.05,0.0,0.0,Low Risk,0
4,51.75,201.1,51.75,1.0,High Risk,1
72,92.4,6786.1,0.0,0.0,Low Risk,0
72,45.25,3139.8,0.0,0.0,Low Risk,0
17,94.8,1563.9,0.0,0.0,Low Risk,0
7,69.85,515.45,0.0,0.0,Low Risk,0
11,20.1,221.35,20.1,1.0,High Risk,1
2,74.9,147.15,74.9,1.0,High Risk,1
72,109.9,7624.2,0.0,0.0,Low Risk,0
11,78.0,851.8,0.0,0.0,Low Risk,0
5,91.4,449.75,91.4,1.0,High Risk,1
4,74.95,308.7,74.95,1.0,High Risk,1
30,50.0,1474.9,0.0,0.0,Low Risk,0
11,20.9,202.3,0.0,0.0,Low Risk,0
17,49.8,836.35,0.0,0.0,Low Risk,0
34,56.25,1765.95,0.0,0.0,Low Risk,0
2,30.4,78.65,30.4,1.0,High Risk,1
55,19.1,1001.5,0.0,0.0,Low Risk,0
5,59.9,287.85,0.0,0.0,Low Risk,0
11,20.0,196.35,0.0,0.0,Low Risk,0
1,79.6,79.6,79.6,1.0,High Risk,1
70,19.45,1303.5,0.0,0.0,Low Risk,0
2,74.85,156.4,74.85,1.0,High Risk,1
7,73.85,511.25,73.85,1.0,High Risk,1
35,20.2,684.4,0.0,0.0,Low Risk,0
58,71.1,4299.2,0.0,0.0,Low Risk,0
72,109.2,7711.45,0.0,0.0,Low Risk,0
68,62.65,4375.8,0.0,0.0,Low Risk,0
26,59.45,1507.0,0.0,0.0,Low Risk,0
12,45.05,523.1,0.0,0.0,Low Risk,0
25,60.35,1404.65,0.0,0.0,Low Risk,0
72,114.95,8196.4,0.0,0.0,Low Risk,0
70,114.6,7882.5,0.0,0.0,Low Risk,0
1,50.15,50.15,50.15,1.0,High Risk,1
26,86.65,2208.75,0.0,0.0,Low Risk,0
2,65.7,134.35,65.7,1.0,High Risk,1
28,19.9,543.0,0.0,0.0,Low Risk,0
6,19.85,119.3,0.0,0.0,Low Risk,0
58,59.75,3624.35,0.0,0.0,Low Risk,0
29,45.0,1228.65,0.0,0.0,Low Risk,0
16,71.4,1212.1,0.0,0.0,Low Risk,0
43,101.0,4388.4,101.0,1.0,High Risk,1
52,75.4,3865.45,0.0,0.0,Low Risk,0
72,118.75,8672.45,0.0,0.0,Low Risk,0
71,19.45,1378.45,0.0,0.0,Low Risk,0
65,20.4,1414.45,0.0,0.0,Low Risk,0
49,84.5,3906.7,0.0,0.0,Low Risk,0
52,83.8,4331.4,0.0,0.0,Low Risk,0
2,20.35,33.2,20.35,1.0,High Risk,1
71,109.3,7782.85,0.0,0.0,Low Risk,0
54,89.4,4869.5,0.0,0.0,Low Risk,0
15,76.5,1155.6,0.0,0.0,Low Risk,0
9,24.6,190.1,0.0,0.0,Low Risk,0
50,105.05,5163.3,0.0,0.0,Low Risk,0
19,83.65,1465.75,83.65,1.0,High Risk,1
70,104.45,7349.35,0.0,0.0,Low Risk,0
72,106.85,7677.4,0.0,0.0,Low Risk,0
52,105.1,5376.4,0.0,0.0,Low Risk,0
15,46.3,639.45,0.0,0.0,Low Risk,0
72,76.8,5468.45,0.0,0.0,Low Risk,0
3,81.35,233.7,81.35,1.0,High Risk,1
58,99.15,5720.95,0.0,0.0,Low Risk,0
1,20.35,20.35,0.0,0.0,Low Risk,0
35,89.85,3161.2,0.0,0.0,Low Risk,0
50,84.4,4116.15,84.4,1.0,High Risk,1
41,19.75,899.45,0.0,0.0,Low Risk,0
72,64.45,4720.0,0.0,0.0,Low Risk,0
30,68.95,2038.7,0.0,0.0,Low Risk,0
2,24.4,36.55,24.4,1.0,High Risk,1
15,29.7,438.25,29.7,1.0,High Risk,1
37,58.75,2203.1,0.0,0.0,Low Risk,0
72,75.4,5480.25,0.0,0.0,Low Risk,0
72,25.0,1738.9,0.0,0.0,Low Risk,0
70,114.3,8244.3,0.0,0.0,Low Risk,0
1,19.65,19.65,19.65,1.0,High Risk,1
23,84.25,1968.1,0.0,0.0,Low Risk,0
8,74.6,548.9,0.0,0.0,Low Risk,0
2,46.0,84.5,46.0,1.0,High Risk,1
26,38.85,1025.15,0.0,0.0,Low Risk,0
52,19.65,928.4,0.0,0.0,Low Risk,0
23,34.6,813.45,0.0,0.0,Low Risk,0
15,99.1,1426.4,99.1,1.0,High Risk,1
40,50.15,2058.5,0.0,0.0,Low Risk,0
27,59.45,1611.65,0.0,0.0,Low Risk,0
37,19.5,805.2,0.0,0.0,Low Risk,0
45,112.2,5031.85,0.0,0.0,Low Risk,0
5,69.95,330.15,69.95,1.0,High Risk,1
71,23.85,1672.1,0.0,0.0,Low Risk,0
4,54.3,195.3,54.3,1.0,High Risk,1
38,20.2,746.05,0.0,0.0,Low Risk,0
3,55.9,157.55,0.0,0.0,Low Risk,0
17,19.15,343.45,0.0,0.0,Low Risk,0
70,90.15,6237.05,0.0,0.0,Low Risk,0
1,44.9,44.9,0.0,0.0,Low Risk,0
71,100.5,7030.65,0.0,0.0,Low Risk,0
37,91.15,3369.25,0.0,0.0,Low Risk,0
64,70.15,4480.7,0.0,0.0,Low Risk,0
37,90.0,3371.75,0.0,0.0,Low Risk,0
65,108.65,6937.95,108.65,1.0,High Risk,1
23,49.45,1119.35,0.0,0.0,Low Risk,0
22,79.2,1742.75,79.2,1.0,High Risk,1
26,60.7,1597.4,0.0,0.0,Low Risk,0
25,79.85,2015.35,79.85,1.0,High Risk,1
60,97.2,5611.75,0.0,0.0,Low Risk,0
1,95.6,95.6,95.6,1.0,High Risk,1
71,89.3,6388.65,0.0,0.0,Low Risk,0
27,85.25,2287.25,85.25,1.0,High Risk,1
3,89.45,240.45,89.45,1.0,High Risk,1
58,94.7,5430.35,0.0,0.0,Low Risk,0
14,75.35,1025.95,75.35,1.0,High Risk,1
71,70.85,4973.4,0.0,0.0,Low Risk,0
2,29.05,44.75,0.0,0.0,Low Risk,0
40,20.6,827.3,0.0,0.0,Low Risk,0
68,25.4,1620.2,0.0,0.0,Low Risk,0
57,101.3,5779.6,0.0,0.0,Low Risk,0
45,87.25,3941.7,87.25,1.0,High Risk,1
70,116.55,8152.3,0.0,0.0,Low Risk,0
68,107.7,7320.9,0.0,0.0,Low Risk,0
52,102.7,5138.1,0.0,0.0,Low Risk,0
72,115.15,8349.7,0.0,0.0,Low Risk,0
24,76.1,1712.7,76.1,1.0,High Risk,1
67,60.4,3953.7,0.0,0.0,Low Risk,0
68,64.35,4539.6,0.0,0.0,Low Risk,0
23,19.6,426.65,0.0,0.0,Low Risk,0
71,49.35,3515.25,49.35,1.0,High Risk,1
1,24.4,24.4,0.0,0.0,Low Risk,0
71,20.5,1500.95,0.0,0.0,Low Risk,0
69,110.55,7610.1,0.0,0.0,Low Risk,0
40,99.2,4062.2,99.2,1.0,High Risk,1
18,84.95,1443.65,0.0,0.0,Low Risk,0
22,94.65,2104.55,94.65,1.0,High Risk,1
69,39.1,2779.5,0.0,0.0,Low Risk,0
62,84.45,4959.15,0.0,0.0,Low Risk,0
56,19.7,1051.9,0.0,0.0,Low Risk,0
7,19.9,173.15,0.0,0.0,Low Risk,0
1,18.9,18.9,0.0,0.0,Low Risk,0
6,19.55,122.9,0.0,0.0,Low Risk,0
2,85.65,181.5,85.65,1.0,High Risk,1
16,54.55,825.1,0.0,0.0,Low Risk,0
2,19.85,51.6,0.0,0.0,Low Risk,0
72,86.4,6058.95,0.0,0.0,Low Risk,0
7,34.65,246.6,0.0,0.0,Low Risk,0
19,24.85,434.8,0.0,0.0,Low Risk,0
14,78.1,1122.4,0.0,0.0,Low Risk,0
64,105.65,6903.1,105.65,1.0,High Risk,1
25,78.35,1837.9,0.0,0.0,Low Risk,0
70,85.95,5931.75,0.0,0.0,Low Risk,0
66,19.35,1240.8,0.0,0.0,Low Risk,0
1,71.65,71.65,71.65,1.0,High Risk,1
53,91.15,4862.5,0.0,0.0,Low Risk,0
6,56.25,389.1,56.25,1.0,High Risk,1
59,95.8,5655.45,0.0,0.0,Low Risk,0
31,78.45,2435.15,78.45,1.0,High Risk,1
3,74.4,229.55,74.4,1.0,High Risk,1
15,69.0,994.8,69.0,1.0,High Risk,1
48,106.1,5082.8,106.1,1.0,High Risk,1
2,56.7,113.55,56.7,1.0,High Risk,1
70,102.95,7101.5,102.95,1.0,High Risk,1
2,91.4,193.6,91.4,1.0,High Risk,1
47,110.85,5275.8,110.85,1.0,High Risk,1
24,21.05,531.55,0.0,0.0,Low Risk,0
31,93.8,2939.8,0.0,0.0,Low Risk,0
54,111.1,6014.85,111.1,1.0,High Risk,1
1,55.05,55.05,0.0,0.0,Low Risk,0
12,33.15,444.75,0.0,0.0,Low Risk,0
2,18.75,53.15,0.0,0.0,Low Risk,0
48,70.55,3420.5,0.0,0.0,Low Risk,0
1,74.45,74.45,74.45,1.0,High Risk,1
71,65.15,4681.75,0.0,0.0,Low Risk,0
1,19.85,19.85,19.85,1.0,High Risk,1
56,24.8,1424.2,0.0,0.0,Low Risk,0
2,20.05,33.7,0.0,0.0,Low Risk,0
66,80.55,5265.1,80.55,1.0,High Risk,1
50,20.35,938.95,0.0,0.0,Low Risk,0
63,89.6,5538.8,0.0,0.0,Low Risk,0
1,45.05,45.05,45.05,1.0,High Risk,1
6,49.25,255.6,0.0,0.0,Low Risk,0
5,50.55,244.75,0.0,0.0,Low Risk,0
35,72.25,2568.55,72.25,1.0,High Risk,1
71,118.65,8477.6,0.0,0.0,Low Risk,0
42,66.5,2762.75,0.0,0.0,Low Risk,0
64,19.45,1208.6,0.0,0.0,Low Risk,0
1,49.8,49.8,0.0,0.0,Low Risk,0
1,69.85,69.85,69.85,1.0,High Risk,1
69,107.2,7317.1,0.0,0.0,Low Risk,0
33,93.35,3092.0,0.0,0.0,Low Risk,0
20,20.0,417.65,0.0,0.0,Low Risk,0
13,24.5,343.6,0.0,0.0,Low Risk,0
28,56.05,1522.65,0.0,0.0,Low Risk,0
72,80.85,5824.75,0.0,0.0,Low Risk,0
9,70.5,597.9,0.0,0.0,Low Risk,0
72,107.5,7853.7,0.0,0.0,Low Risk,0
52,59.85,3103.25,0.0,0.0,Low Risk,0
34,60.85,2003.6,0.0,0.0,Low Risk,0
71,100.2,7209.0,0.0,0.0,Low Risk,0
6,19.65,116.85,0.0,0.0,Low Risk,0
31,64.0,1910.75,0.0,0.0,Low Risk,0
1,90.6,90.6,90.6,1.0,High Risk,1
49,25.25,1211.65,0.0,0.0,Low Risk,0
27,20.25,538.2,0.0,0.0,Low Risk,0
53,93.45,4872.2,0.0,0.0,Low Risk,0
35,100.5,3653.35,100.5,1.0,High Risk,1
2,95.65,167.3,95.65,1.0,High Risk,1
46,43.95,2007.85,0.0,0.0,Low Risk,0
35,19.25,617.65,0.0,0.0,Low Risk,0
9,73.8,704.3,0.0,0.0,Low Risk,0
64,104.4,6692.65,0.0,0.0,Low Risk,0
13,79.25,1111.65,79.25,1.0,High Risk,1
55,81.55,4509.5,0.0,0.0,Low Risk,0
51,93.8,4539.35,0.0,0.0,Low Risk,0
5,24.3,132.25,0.0,0.0,Low Risk,0
20,70.45,1470.95,70.45,1.0,High Risk,1
23,25.6,514.75,0.0,0.0,Low Risk,0
61,99.0,5969.3,0.0,0.0,Low Risk,0
54,69.95,3871.85,0.0,0.0,Low Risk,0
15,76.0,1130.85,76.0,1.0,High Risk,1
64,24.9,1595.5,0.0,0.0,Low Risk,0
18,64.8,1166.7,0.0,0.0,Low Risk,0
52,103.05,5364.8,0.0,0.0,Low Risk,0
17,20.1,279.5,0.0,0.0,Low Risk,0
27,19.9,550.1,0.0,0.0,Low Risk,0
58,110.65,6526.65,0.0,0.0,Low Risk,0
68,109.05,7508.55,0.0,0.0,Low Risk,0
1,19.2,19.2,0.0,0.0,Low Risk,0
55,66.05,3462.1,0.0,0.0,Low Risk,0
1,45.3,45.3,0.0,0.0,Low Risk,0
72,84.4,6096.45,0.0,0.0,Low Risk,0
6,45.0,298.7,0.0,0.0,Low Risk,0
60,99.8,5985.75,0.0,0.0,Low Risk,0
61,106.0,6547.7,106.0,1.0,High Risk,1
2,20.65,38.7,20.65,1.0,High Risk,1
63,71.5,4576.3,0.0,0.0,Low Risk,0
17,83.55,1329.15,0.0,0.0,Low Risk,0
58,98.7,5812.6,98.7,1.0,High Risk,1
26,49.5,1265.65,0.0,0.0,Low Risk,0
53,48.7,2495.2,0.0,0.0,Low Risk,0
25,19.2,532.1,0.0,0.0,Low Risk,0
1,82.3,82.3,82.3,1.0,High Risk,1
24,21.1,490.65,0.0,0.0,Low Risk,0
2,69.0,147.8,0.0,0.0,Low Risk,0
1,19.55,19.55,19.55,1.0,High Risk,1
67,75.1,5064.45,0.0,0.0,Low Risk,0
17,54.6,934.8,0.0,0.0,Low Risk,0
11,70.2,760.05,0.0,0.0,Low Risk,0
51,24.75,1234.6,0.0,0.0,Low Risk,0
3,69.85,199.85,0.0,0.0,Low Risk,0
1,79.2,79.2,79.2,1.0,High Risk,1
1,69.65,69.65,69.65,1.0,High Risk,1
72,84.1,6129.65,0.0,0.0,Low Risk,0
19,65.35,1231.85,0.0,0.0,Low Risk,0
65,25.75,1654.75,0.0,0.0,Low Risk,0
45,100.3,4483.95,0.0,0.0,Low Risk,0
5,89.15,413.25,0.0,0.0,Low Risk,0
56,44.85,2564.95,0.0,0.0,Low Risk,0
4,74.45,294.45,0.0,0.0,Low Risk,0
64,86.4,5442.05,0.0,0.0,Low Risk,0
41,19.7,804.25,0.0,0.0,Low Risk,0
35,60.55,1982.6,0.0,0.0,Low Risk,0
1,25.2,25.2,25.2,1.0,High Risk,1
3,79.4,205.05,79.4,1.0,High Risk,1
61,25.0,1501.75,0.0,0.0,Low Risk,0
1,73.65,73.65,73.65,1.0,High Risk,1
35,55.6,2016.45,0.0,0.0,Low Risk,0
69,113.25,7895.15,0.0,0.0,Low Risk,0
64,68.3,4378.8,0.0,0.0,Low Risk,0
51,110.05,5686.4,0.0,0.0,Low Risk,0
17,19.9,329.75,0.0,0.0,Low Risk,0
69,43.95,2960.1,0.0,0.0,Low Risk,0
1,31.35,31.35,31.35,1.0,High Risk,1
